Pixel_ID,Elevation_m,Slope_deg,NDVI,Rainfall_mm,Dist_River_m,Flood,LandCover_Agriculture,LandCover_Forest,LandCover_Urban,LandCover_Water
1,100,1.2,0.02,180,150,1,False,False,True,False
2,95,1.0,-0.05,205,25,1,False,False,False,True
3,210,9.4,0.72,95,1500,0,False,True,False,False
4,305,12.7,0.8,80,2200,0,False,True,False,False
5,132,3.5,0.22,160,260,1,False,False,True,False
6,170,6.8,0.5,120,750,0,True,False,False,False
7,95,1.0,-0.05,205,25,1,False,False,False,True
8,140,4.0,0.3,150,350,1,True,False,False,False
9,115,1.8,0.1,175,140,1,False,False,True,False
10,88,0.7,-0.1,210,15,1,False,False,False,True
11,120,2.5,0.35,165,200,1,True,False,False,False
12,120,2.5,0.35,165,200,1,True,False,False,False
13,118,2.2,0.2,175,220,1,False,False,True,False
14,210,9.4,0.72,95,1500,0,False,True,False,False
15,230,10.2,0.7,85,1700,0,False,True,False,False
16,310,13.5,0.82,70,2400,0,False,True,False,False
17,88,0.7,-0.1,210,15,1,False,False,False,True
18,92,0.8,-0.09,195,40,1,False,False,False,True
19,98,1.1,-0.08,190,30,1,False,False,False,True
20,305,12.7,0.8,80,2200,0,False,True,False,False
21,92,0.8,-0.09,195,40,1,False,False,False,True
22,145,4.2,0.55,120,800,0,False,True,False,False
23,145,4.2,0.55,120,800,0,False,True,False,False
24,250,11.0,0.75,90,1900,0,False,True,False,False
25,210,9.4,0.72,95,1500,0,False,True,False,False
26,170,6.8,0.5,120,750,0,True,False,False,False
27,250,11.0,0.75,90,1900,0,False,True,False,False
28,145,4.2,0.55,120,800,0,False,True,False,False
29,155,5.0,0.52,140,500,0,True,False,False,False
30,140,4.0,0.3,150,350,1,True,False,False,False
31,145,4.2,0.55,120,800,0,False,True,False,False
32,210,9.4,0.72,95,1500,0,False,True,False,False
33,102,1.3,0.05,170,180,1,False,False,True,False
34,102,1.3,0.05,170,180,1,False,False,True,False
35,110,2.1,0.12,180,120,1,False,False,True,False
36,145,4.2,0.55,120,800,0,False,True,False,False
37,90,0.9,-0.12,200,20,1,False,False,False,True
38,110,2.1,0.12,180,120,1,False,False,True,False
39,175,6.3,0.48,110,700,0,True,False,False,False
40,118,2.2,0.2,175,220,1,False,False,True,False
41,125,2.8,0.28,165,300,1,False,False,True,False
42,250,11.0,0.75,90,1900,0,False,True,False,False
43,92,0.8,-0.09,195,40,1,False,False,False,True
44,100,1.2,0.02,180,150,1,False,False,True,False
45,102,1.3,0.05,170,180,1,False,False,True,False
46,305,12.7,0.8,80,2200,0,False,True,False,False
47,175,6.3,0.48,110,700,0,True,False,False,False
48,230,10.2,0.7,85,1700,0,False,True,False,False
49,102,1.3,0.05,170,180,1,False,False,True,False
50,305,12.7,0.8,80,2200,0,False,True,False,False
51,90,0.9,-0.12,200,20,1,False,False,False,True
52,88,0.7,-0.1,210,15,1,False,False,False,True
53,125,2.8,0.28,165,300,1,False,False,True,False
54,185,7.1,0.44,130,600,0,True,False,False,False
55,125,2.8,0.28,165,300,1,False,False,True,False
56,102,1.3,0.05,170,180,1,False,False,True,False
57,100,1.2,0.02,180,150,1,False,False,True,False
58,175,6.3,0.48,110,700,0,True,False,False,False
59,88,0.7,-0.1,210,15,1,False,False,False,True
60,102,1.3,0.05,170,180,1,False,False,True,False
61,310,13.5,0.82,70,2400,0,False,True,False,False
62,118,2.2,0.2,175,220,1,False,False,True,False
63,250,11.0,0.75,90,1900,0,False,True,False,False
64,92,0.8,-0.09,195,40,1,False,False,False,True
65,132,3.5,0.22,160,260,1,False,False,True,False
66,92,0.8,-0.09,195,40,1,False,False,False,True
67,170,6.8,0.5,120,750,0,True,False,False,False
68,90,0.9,-0.12,200,20,1,False,False,False,True
69,90,0.9,-0.12,200,20,1,False,False,False,True
70,88,0.7,-0.1,210,15,1,False,False,False,True
71,90,0.9,-0.12,200,20,1,False,False,False,True
72,210,9.4,0.72,95,1500,0,False,True,False,False
73,145,4.2,0.55,120,800,0,False,True,False,False
74,90,0.9,-0.12,200,20,1,False,False,False,True
75,132,3.5,0.22,160,260,1,False,False,True,False
76,160,5.5,0.6,120,900,0,False,True,False,False
77,140,4.0,0.3,150,350,1,True,False,False,False
78,155,5.0,0.52,140,500,0,True,False,False,False
79,92,0.8,-0.09,195,40,1,False,False,False,True
80,118,2.2,0.2,175,220,1,False,False,True,False
81,230,10.2,0.7,85,1700,0,False,True,False,False
82,90,0.9,-0.12,200,20,1,False,False,False,True
83,310,13.5,0.82,70,2400,0,False,True,False,False
84,310,13.5,0.82,70,2400,0,False,True,False,False
85,140,4.0,0.3,150,350,1,True,False,False,False
86,115,1.8,0.1,175,140,1,False,False,True,False
87,170,6.8,0.5,120,750,0,True,False,False,False
88,115,1.8,0.1,175,140,1,False,False,True,False
89,175,6.3,0.48,110,700,0,True,False,False,False
90,160,5.5,0.6,120,900,0,False,True,False,False
91,145,4.2,0.55,120,800,0,False,True,False,False
92,110,2.1,0.12,180,120,1,False,False,True,False
93,160,5.5,0.6,120,900,0,False,True,False,False
94,95,1.0,-0.05,205,25,1,False,False,False,True
95,175,6.3,0.48,110,700,0,True,False,False,False
96,305,12.7,0.8,80,2200,0,False,True,False,False
97,95,1.0,-0.05,205,25,1,False,False,False,True
98,118,2.2,0.2,175,220,1,False,False,True,False
99,140,4.0,0.3,150,350,1,True,False,False,False
100,100,1.2,0.02,180,150,1,False,False,True,False
101,115,1.8,0.1,175,140,1,False,False,True,False
102,145,4.2,0.55,120,800,0,False,True,False,False
103,102,1.3,0.05,170,180,1,False,False,True,False
104,230,10.2,0.7,85,1700,0,False,True,False,False
105,170,6.8,0.5,120,750,0,True,False,False,False
106,170,6.8,0.5,120,750,0,True,False,False,False
107,145,4.2,0.55,120,800,0,False,True,False,False
108,90,0.9,-0.12,200,20,1,False,False,False,True
109,175,6.3,0.48,110,700,0,True,False,False,False
110,170,6.8,0.5,120,750,0,True,False,False,False
111,90,0.9,-0.12,200,20,1,False,False,False,True
112,175,6.3,0.48,110,700,0,True,False,False,False
113,145,4.2,0.55,120,800,0,False,True,False,False
114,102,1.3,0.05,170,180,1,False,False,True,False
115,110,2.1,0.12,180,120,1,False,False,True,False
116,125,2.8,0.28,165,300,1,False,False,True,False
117,210,9.4,0.72,95,1500,0,False,True,False,False
118,155,5.0,0.52,140,500,0,True,False,False,False
119,118,2.2,0.2,175,220,1,False,False,True,False
120,125,2.8,0.28,165,300,1,False,False,True,False
121,92,0.8,-0.09,195,40,1,False,False,False,True
122,98,1.1,-0.08,190,30,1,False,False,False,True
123,230,10.2,0.7,85,1700,0,False,True,False,False
124,230,10.2,0.7,85,1700,0,False,True,False,False
125,170,6.8,0.5,120,750,0,True,False,False,False
126,230,10.2,0.7,85,1700,0,False,True,False,False
127,305,12.7,0.8,80,2200,0,False,True,False,False
128,230,10.2,0.7,85,1700,0,False,True,False,False
129,210,9.4,0.72,95,1500,0,False,True,False,False
130,250,11.0,0.75,90,1900,0,False,True,False,False
131,132,3.5,0.22,160,260,1,False,False,True,False
132,115,1.8,0.1,175,140,1,False,False,True,False
133,155,5.0,0.52,140,500,0,True,False,False,False
134,185,7.1,0.44,130,600,0,True,False,False,False
135,98,1.1,-0.08,190,30,1,False,False,False,True
136,88,0.7,-0.1,210,15,1,False,False,False,True
137,100,1.2,0.02,180,150,1,False,False,True,False
138,110,2.1,0.12,180,120,1,False,False,True,False
139,175,6.3,0.48,110,700,0,True,False,False,False
140,100,1.2,0.02,180,150,1,False,False,True,False
141,92,0.8,-0.09,195,40,1,False,False,False,True
142,155,5.0,0.52,140,500,0,True,False,False,False
143,230,10.2,0.7,85,1700,0,False,True,False,False
144,98,1.1,-0.08,190,30,1,False,False,False,True
145,305,12.7,0.8,80,2200,0,False,True,False,False
146,145,4.2,0.55,120,800,0,False,True,False,False
147,185,7.1,0.44,130,600,0,True,False,False,False
148,110,2.1,0.12,180,120,1,False,False,True,False
149,125,2.8,0.28,165,300,1,False,False,True,False
150,230,10.2,0.7,85,1700,0,False,True,False,False
151,310,13.5,0.82,70,2400,0,False,True,False,False
152,210,9.4,0.72,95,1500,0,False,True,False,False
153,100,1.2,0.02,180,150,1,False,False,True,False
154,160,5.5,0.6,120,900,0,False,True,False,False
155,185,7.1,0.44,130,600,0,True,False,False,False
156,145,4.2,0.55,120,800,0,False,True,False,False
157,185,7.1,0.44,130,600,0,True,False,False,False
158,100,1.2,0.02,180,150,1,False,False,True,False
159,88,0.7,-0.1,210,15,1,False,False,False,True
160,305,12.7,0.8,80,2200,0,False,True,False,False
161,125,2.8,0.28,165,300,1,False,False,True,False
162,110,2.1,0.12,180,120,1,False,False,True,False
163,110,2.1,0.12,180,120,1,False,False,True,False
164,175,6.3,0.48,110,700,0,True,False,False,False
165,230,10.2,0.7,85,1700,0,False,True,False,False
166,110,2.1,0.12,180,120,1,False,False,True,False
167,98,1.1,-0.08,190,30,1,False,False,False,True
168,95,1.0,-0.05,205,25,1,False,False,False,True
169,310,13.5,0.82,70,2400,0,False,True,False,False
170,98,1.1,-0.08,190,30,1,False,False,False,True
171,115,1.8,0.1,175,140,1,False,False,True,False
172,305,12.7,0.8,80,2200,0,False,True,False,False
173,115,1.8,0.1,175,140,1,False,False,True,False
174,115,1.8,0.1,175,140,1,False,False,True,False
175,170,6.8,0.5,120,750,0,True,False,False,False
176,100,1.2,0.02,180,150,1,False,False,True,False
177,160,5.5,0.6,120,900,0,False,True,False,False
178,102,1.3,0.05,170,180,1,False,False,True,False
179,110,2.1,0.12,180,120,1,False,False,True,False
180,98,1.1,-0.08,190,30,1,False,False,False,True
181,90,0.9,-0.12,200,20,1,False,False,False,True
182,98,1.1,-0.08,190,30,1,False,False,False,True
183,250,11.0,0.75,90,1900,0,False,True,False,False
184,120,2.5,0.35,165,200,1,True,False,False,False
185,132,3.5,0.22,160,260,1,False,False,True,False
186,250,11.0,0.75,90,1900,0,False,True,False,False
187,90,0.9,-0.12,200,20,1,False,False,False,True
188,310,13.5,0.82,70,2400,0,False,True,False,False
189,145,4.2,0.55,120,800,0,False,True,False,False
190,140,4.0,0.3,150,350,1,True,False,False,False
191,88,0.7,-0.1,210,15,1,False,False,False,True
192,98,1.1,-0.08,190,30,1,False,False,False,True
193,305,12.7,0.8,80,2200,0,False,True,False,False
194,118,2.2,0.2,175,220,1,False,False,True,False
195,125,2.8,0.28,165,300,1,False,False,True,False
196,185,7.1,0.44,130,600,0,True,False,False,False
197,250,11.0,0.75,90,1900,0,False,True,False,False
198,100,1.2,0.02,180,150,1,False,False,True,False
199,95,1.0,-0.05,205,25,1,False,False,False,True
200,98,1.1,-0.08,190,30,1,False,False,False,True
201,118,2.2,0.2,175,220,1,False,False,True,False
202,230,10.2,0.7,85,1700,0,False,True,False,False
203,115,1.8,0.1,175,140,1,False,False,True,False
204,170,6.8,0.5,120,750,0,True,False,False,False
205,250,11.0,0.75,90,1900,0,False,True,False,False
206,250,11.0,0.75,90,1900,0,False,True,False,False
207,250,11.0,0.75,90,1900,0,False,True,False,False
208,230,10.2,0.7,85,1700,0,False,True,False,False
209,140,4.0,0.3,150,350,1,True,False,False,False
210,175,6.3,0.48,110,700,0,True,False,False,False
211,118,2.2,0.2,175,220,1,False,False,True,False
212,170,6.8,0.5,120,750,0,True,False,False,False
213,92,0.8,-0.09,195,40,1,False,False,False,True
214,230,10.2,0.7,85,1700,0,False,True,False,False
215,145,4.2,0.55,120,800,0,False,True,False,False
216,120,2.5,0.35,165,200,1,True,False,False,False
217,132,3.5,0.22,160,260,1,False,False,True,False
218,310,13.5,0.82,70,2400,0,False,True,False,False
219,310,13.5,0.82,70,2400,0,False,True,False,False
220,250,11.0,0.75,90,1900,0,False,True,False,False
221,132,3.5,0.22,160,260,1,False,False,True,False
222,160,5.5,0.6,120,900,0,False,True,False,False
223,305,12.7,0.8,80,2200,0,False,True,False,False
224,120,2.5,0.35,165,200,1,True,False,False,False
225,310,13.5,0.82,70,2400,0,False,True,False,False
226,140,4.0,0.3,150,350,1,True,False,False,False
227,160,5.5,0.6,120,900,0,False,True,False,False
228,230,10.2,0.7,85,1700,0,False,True,False,False
229,115,1.8,0.1,175,140,1,False,False,True,False
230,175,6.3,0.48,110,700,0,True,False,False,False
231,175,6.3,0.48,110,700,0,True,False,False,False
232,145,4.2,0.55,120,800,0,False,True,False,False
233,305,12.7,0.8,80,2200,0,False,True,False,False
234,145,4.2,0.55,120,800,0,False,True,False,False
235,250,11.0,0.75,90,1900,0,False,True,False,False
236,110,2.1,0.12,180,120,1,False,False,True,False
237,305,12.7,0.8,80,2200,0,False,True,False,False
238,100,1.2,0.02,180,150,1,False,False,True,False
239,132,3.5,0.22,160,260,1,False,False,True,False
240,88,0.7,-0.1,210,15,1,False,False,False,True
241,305,12.7,0.8,80,2200,0,False,True,False,False
242,145,4.2,0.55,120,800,0,False,True,False,False
243,92,0.8,-0.09,195,40,1,False,False,False,True
244,145,4.2,0.55,120,800,0,False,True,False,False
245,115,1.8,0.1,175,140,1,False,False,True,False
246,250,11.0,0.75,90,1900,0,False,True,False,False
247,115,1.8,0.1,175,140,1,False,False,True,False
248,115,1.8,0.1,175,140,1,False,False,True,False
249,230,10.2,0.7,85,1700,0,False,True,False,False
250,145,4.2,0.55,120,800,0,False,True,False,False
251,120,2.5,0.35,165,200,1,True,False,False,False
252,310,13.5,0.82,70,2400,0,False,True,False,False
253,120,2.5,0.35,165,200,1,True,False,False,False
254,90,0.9,-0.12,200,20,1,False,False,False,True
255,305,12.7,0.8,80,2200,0,False,True,False,False
256,88,0.7,-0.1,210,15,1,False,False,False,True
257,118,2.2,0.2,175,220,1,False,False,True,False
258,305,12.7,0.8,80,2200,0,False,True,False,False
259,140,4.0,0.3,150,350,1,True,False,False,False
260,100,1.2,0.02,180,150,1,False,False,True,False
261,160,5.5,0.6,120,900,0,False,True,False,False
262,132,3.5,0.22,160,260,1,False,False,True,False
263,132,3.5,0.22,160,260,1,False,False,True,False
264,175,6.3,0.48,110,700,0,True,False,False,False
265,140,4.0,0.3,150,350,1,True,False,False,False
266,92,0.8,-0.09,195,40,1,False,False,False,True
267,115,1.8,0.1,175,140,1,False,False,True,False
268,160,5.5,0.6,120,900,0,False,True,False,False
269,110,2.1,0.12,180,120,1,False,False,True,False
270,92,0.8,-0.09,195,40,1,False,False,False,True
271,98,1.1,-0.08,190,30,1,False,False,False,True
272,88,0.7,-0.1,210,15,1,False,False,False,True
273,210,9.4,0.72,95,1500,0,False,True,False,False
274,100,1.2,0.02,180,150,1,False,False,True,False
275,118,2.2,0.2,175,220,1,False,False,True,False
276,310,13.5,0.82,70,2400,0,False,True,False,False
277,145,4.2,0.55,120,800,0,False,True,False,False
278,132,3.5,0.22,160,260,1,False,False,True,False
279,175,6.3,0.48,110,700,0,True,False,False,False
280,185,7.1,0.44,130,600,0,True,False,False,False
281,250,11.0,0.75,90,1900,0,False,True,False,False
282,310,13.5,0.82,70,2400,0,False,True,False,False
283,90,0.9,-0.12,200,20,1,False,False,False,True
284,102,1.3,0.05,170,180,1,False,False,True,False
285,185,7.1,0.44,130,600,0,True,False,False,False
286,132,3.5,0.22,160,260,1,False,False,True,False
287,102,1.3,0.05,170,180,1,False,False,True,False
288,170,6.8,0.5,120,750,0,True,False,False,False
289,132,3.5,0.22,160,260,1,False,False,True,False
290,175,6.3,0.48,110,700,0,True,False,False,False
291,310,13.5,0.82,70,2400,0,False,True,False,False
292,175,6.3,0.48,110,700,0,True,False,False,False
293,132,3.5,0.22,160,260,1,False,False,True,False
294,210,9.4,0.72,95,1500,0,False,True,False,False
295,160,5.5,0.6,120,900,0,False,True,False,False
296,115,1.8,0.1,175,140,1,False,False,True,False
297,115,1.8,0.1,175,140,1,False,False,True,False
298,92,0.8,-0.09,195,40,1,False,False,False,True
299,160,5.5,0.6,120,900,0,False,True,False,False
300,95,1.0,-0.05,205,25,1,False,False,False,True
301,110,2.1,0.12,180,120,1,False,False,True,False
302,305,12.7,0.8,80,2200,0,False,True,False,False
303,98,1.1,-0.08,190,30,1,False,False,False,True
304,95,1.0,-0.05,205,25,1,False,False,False,True
305,310,13.5,0.82,70,2400,0,False,True,False,False
306,140,4.0,0.3,150,350,1,True,False,False,False
307,230,10.2,0.7,85,1700,0,False,True,False,False
308,132,3.5,0.22,160,260,1,False,False,True,False
309,175,6.3,0.48,110,700,0,True,False,False,False
310,110,2.1,0.12,180,120,1,False,False,True,False
311,95,1.0,-0.05,205,25,1,False,False,False,True
312,125,2.8,0.28,165,300,1,False,False,True,False
313,155,5.0,0.52,140,500,0,True,False,False,False
314,115,1.8,0.1,175,140,1,False,False,True,False
315,132,3.5,0.22,160,260,1,False,False,True,False
316,250,11.0,0.75,90,1900,0,False,True,False,False
317,120,2.5,0.35,165,200,1,True,False,False,False
318,120,2.5,0.35,165,200,1,True,False,False,False
319,90,0.9,-0.12,200,20,1,False,False,False,True
320,132,3.5,0.22,160,260,1,False,False,True,False
321,115,1.8,0.1,175,140,1,False,False,True,False
322,210,9.4,0.72,95,1500,0,False,True,False,False
323,250,11.0,0.75,90,1900,0,False,True,False,False
324,132,3.5,0.22,160,260,1,False,False,True,False
325,118,2.2,0.2,175,220,1,False,False,True,False
326,140,4.0,0.3,150,350,1,True,False,False,False
327,175,6.3,0.48,110,700,0,True,False,False,False
328,185,7.1,0.44,130,600,0,True,False,False,False
329,102,1.3,0.05,170,180,1,False,False,True,False
330,120,2.5,0.35,165,200,1,True,False,False,False
331,170,6.8,0.5,120,750,0,True,False,False,False
332,88,0.7,-0.1,210,15,1,False,False,False,True
333,88,0.7,-0.1,210,15,1,False,False,False,True
334,125,2.8,0.28,165,300,1,False,False,True,False
335,95,1.0,-0.05,205,25,1,False,False,False,True
336,100,1.2,0.02,180,150,1,False,False,True,False
337,92,0.8,-0.09,195,40,1,False,False,False,True
338,230,10.2,0.7,85,1700,0,False,True,False,False
339,305,12.7,0.8,80,2200,0,False,True,False,False
340,185,7.1,0.44,130,600,0,True,False,False,False
341,310,13.5,0.82,70,2400,0,False,True,False,False
342,305,12.7,0.8,80,2200,0,False,True,False,False
343,100,1.2,0.02,180,150,1,False,False,True,False
344,88,0.7,-0.1,210,15,1,False,False,False,True
345,90,0.9,-0.12,200,20,1,False,False,False,True
346,95,1.0,-0.05,205,25,1,False,False,False,True
347,132,3.5,0.22,160,260,1,False,False,True,False
348,250,11.0,0.75,90,1900,0,False,True,False,False
349,140,4.0,0.3,150,350,1,True,False,False,False
350,92,0.8,-0.09,195,40,1,False,False,False,True
351,90,0.9,-0.12,200,20,1,False,False,False,True
352,98,1.1,-0.08,190,30,1,False,False,False,True
353,155,5.0,0.52,140,500,0,True,False,False,False
354,185,7.1,0.44,130,600,0,True,False,False,False
355,160,5.5,0.6,120,900,0,False,True,False,False
356,115,1.8,0.1,175,140,1,False,False,True,False
357,118,2.2,0.2,175,220,1,False,False,True,False
358,132,3.5,0.22,160,260,1,False,False,True,False
359,118,2.2,0.2,175,220,1,False,False,True,False
360,98,1.1,-0.08,190,30,1,False,False,False,True
361,185,7.1,0.44,130,600,0,True,False,False,False
362,170,6.8,0.5,120,750,0,True,False,False,False
363,155,5.0,0.52,140,500,0,True,False,False,False
364,118,2.2,0.2,175,220,1,False,False,True,False
365,90,0.9,-0.12,200,20,1,False,False,False,True
366,125,2.8,0.28,165,300,1,False,False,True,False
367,98,1.1,-0.08,190,30,1,False,False,False,True
368,115,1.8,0.1,175,140,1,False,False,True,False
369,155,5.0,0.52,140,500,0,True,False,False,False
370,102,1.3,0.05,170,180,1,False,False,True,False
371,170,6.8,0.5,120,750,0,True,False,False,False
372,120,2.5,0.35,165,200,1,True,False,False,False
373,230,10.2,0.7,85,1700,0,False,True,False,False
374,125,2.8,0.28,165,300,1,False,False,True,False
375,88,0.7,-0.1,210,15,1,False,False,False,True
376,160,5.5,0.6,120,900,0,False,True,False,False
377,132,3.5,0.22,160,260,1,False,False,True,False
378,90,0.9,-0.12,200,20,1,False,False,False,True
379,145,4.2,0.55,120,800,0,False,True,False,False
380,90,0.9,-0.12,200,20,1,False,False,False,True
381,175,6.3,0.48,110,700,0,True,False,False,False
382,185,7.1,0.44,130,600,0,True,False,False,False
383,155,5.0,0.52,140,500,0,True,False,False,False
384,175,6.3,0.48,110,700,0,True,False,False,False
385,120,2.5,0.35,165,200,1,True,False,False,False
386,310,13.5,0.82,70,2400,0,False,True,False,False
387,175,6.3,0.48,110,700,0,True,False,False,False
388,125,2.8,0.28,165,300,1,False,False,True,False
389,110,2.1,0.12,180,120,1,False,False,True,False
390,250,11.0,0.75,90,1900,0,False,True,False,False
391,92,0.8,-0.09,195,40,1,False,False,False,True
392,95,1.0,-0.05,205,25,1,False,False,False,True
393,155,5.0,0.52,140,500,0,True,False,False,False
394,125,2.8,0.28,165,300,1,False,False,True,False
395,132,3.5,0.22,160,260,1,False,False,True,False
396,140,4.0,0.3,150,350,1,True,False,False,False
397,110,2.1,0.12,180,120,1,False,False,True,False
398,100,1.2,0.02,180,150,1,False,False,True,False
399,98,1.1,-0.08,190,30,1,False,False,False,True
400,120,2.5,0.35,165,200,1,True,False,False,False
401,100,1.2,0.02,180,150,1,False,False,True,False
402,145,4.2,0.55,120,800,0,False,True,False,False
403,185,7.1,0.44,130,600,0,True,False,False,False
404,90,0.9,-0.12,200,20,1,False,False,False,True
405,175,6.3,0.48,110,700,0,True,False,False,False
406,90,0.9,-0.12,200,20,1,False,False,False,True
407,210,9.4,0.72,95,1500,0,False,True,False,False
408,175,6.3,0.48,110,700,0,True,False,False,False
409,88,0.7,-0.1,210,15,1,False,False,False,True
410,92,0.8,-0.09,195,40,1,False,False,False,True
411,90,0.9,-0.12,200,20,1,False,False,False,True
412,120,2.5,0.35,165,200,1,True,False,False,False
413,185,7.1,0.44,130,600,0,True,False,False,False
414,155,5.0,0.52,140,500,0,True,False,False,False
415,102,1.3,0.05,170,180,1,False,False,True,False
416,310,13.5,0.82,70,2400,0,False,True,False,False
417,120,2.5,0.35,165,200,1,True,False,False,False
418,185,7.1,0.44,130,600,0,True,False,False,False
419,175,6.3,0.48,110,700,0,True,False,False,False
420,98,1.1,-0.08,190,30,1,False,False,False,True
421,102,1.3,0.05,170,180,1,False,False,True,False
422,118,2.2,0.2,175,220,1,False,False,True,False
423,118,2.2,0.2,175,220,1,False,False,True,False
424,115,1.8,0.1,175,140,1,False,False,True,False
425,185,7.1,0.44,130,600,0,True,False,False,False
426,102,1.3,0.05,170,180,1,False,False,True,False
427,155,5.0,0.52,140,500,0,True,False,False,False
428,185,7.1,0.44,130,600,0,True,False,False,False
429,98,1.1,-0.08,190,30,1,False,False,False,True
430,305,12.7,0.8,80,2200,0,False,True,False,False
431,170,6.8,0.5,120,750,0,True,False,False,False
432,310,13.5,0.82,70,2400,0,False,True,False,False
433,125,2.8,0.28,165,300,1,False,False,True,False
434,88,0.7,-0.1,210,15,1,False,False,False,True
435,132,3.5,0.22,160,260,1,False,False,True,False
436,90,0.9,-0.12,200,20,1,False,False,False,True
437,185,7.1,0.44,130,600,0,True,False,False,False
438,230,10.2,0.7,85,1700,0,False,True,False,False
439,210,9.4,0.72,95,1500,0,False,True,False,False
440,310,13.5,0.82,70,2400,0,False,True,False,False
441,100,1.2,0.02,180,150,1,False,False,True,False
442,132,3.5,0.22,160,260,1,False,False,True,False
443,95,1.0,-0.05,205,25,1,False,False,False,True
444,118,2.2,0.2,175,220,1,False,False,True,False
445,230,10.2,0.7,85,1700,0,False,True,False,False
446,310,13.5,0.82,70,2400,0,False,True,False,False
447,175,6.3,0.48,110,700,0,True,False,False,False
448,125,2.8,0.28,165,300,1,False,False,True,False
449,170,6.8,0.5,120,750,0,True,False,False,False
450,102,1.3,0.05,170,180,1,False,False,True,False
451,155,5.0,0.52,140,500,0,True,False,False,False
452,125,2.8,0.28,165,300,1,False,False,True,False
453,132,3.5,0.22,160,260,1,False,False,True,False
454,118,2.2,0.2,175,220,1,False,False,True,False
455,230,10.2,0.7,85,1700,0,False,True,False,False
456,132,3.5,0.22,160,260,1,False,False,True,False
457,125,2.8,0.28,165,300,1,False,False,True,False
458,140,4.0,0.3,150,350,1,True,False,False,False
459,210,9.4,0.72,95,1500,0,False,True,False,False
460,230,10.2,0.7,85,1700,0,False,True,False,False
461,132,3.5,0.22,160,260,1,False,False,True,False
462,185,7.1,0.44,130,600,0,True,False,False,False
463,230,10.2,0.7,85,1700,0,False,True,False,False
464,132,3.5,0.22,160,260,1,False,False,True,False
465,305,12.7,0.8,80,2200,0,False,True,False,False
466,110,2.1,0.12,180,120,1,False,False,True,False
467,132,3.5,0.22,160,260,1,False,False,True,False
468,98,1.1,-0.08,190,30,1,False,False,False,True
469,185,7.1,0.44,130,600,0,True,False,False,False
470,310,13.5,0.82,70,2400,0,False,True,False,False
471,98,1.1,-0.08,190,30,1,False,False,False,True
472,310,13.5,0.82,70,2400,0,False,True,False,False
473,100,1.2,0.02,180,150,1,False,False,True,False
474,102,1.3,0.05,170,180,1,False,False,True,False
475,88,0.7,-0.1,210,15,1,False,False,False,True
476,155,5.0,0.52,140,500,0,True,False,False,False
477,175,6.3,0.48,110,700,0,True,False,False,False
478,175,6.3,0.48,110,700,0,True,False,False,False
479,125,2.8,0.28,165,300,1,False,False,True,False
480,155,5.0,0.52,140,500,0,True,False,False,False
481,98,1.1,-0.08,190,30,1,False,False,False,True
482,98,1.1,-0.08,190,30,1,False,False,False,True
483,140,4.0,0.3,150,350,1,True,False,False,False
484,250,11.0,0.75,90,1900,0,False,True,False,False
485,125,2.8,0.28,165,300,1,False,False,True,False
486,110,2.1,0.12,180,120,1,False,False,True,False
487,175,6.3,0.48,110,700,0,True,False,False,False
488,110,2.1,0.12,180,120,1,False,False,True,False
489,170,6.8,0.5,120,750,0,True,False,False,False
490,250,11.0,0.75,90,1900,0,False,True,False,False
491,250,11.0,0.75,90,1900,0,False,True,False,False
492,310,13.5,0.82,70,2400,0,False,True,False,False
493,132,3.5,0.22,160,260,1,False,False,True,False
494,170,6.8,0.5,120,750,0,True,False,False,False
495,155,5.0,0.52,140,500,0,True,False,False,False
496,145,4.2,0.55,120,800,0,False,True,False,False
497,118,2.2,0.2,175,220,1,False,False,True,False
498,102,1.3,0.05,170,180,1,False,False,True,False
499,125,2.8,0.28,165,300,1,False,False,True,False
500,88,0.7,-0.1,210,15,1,False,False,False,True
501,250,11.0,0.75,90,1900,0,False,True,False,False
502,118,2.2,0.2,175,220,1,False,False,True,False
503,132,3.5,0.22,160,260,1,False,False,True,False
504,100,1.2,0.02,180,150,1,False,False,True,False
505,95,1.0,-0.05,205,25,1,False,False,False,True
506,90,0.9,-0.12,200,20,1,False,False,False,True
507,175,6.3,0.48,110,700,0,True,False,False,False
508,110,2.1,0.12,180,120,1,False,False,True,False
509,250,11.0,0.75,90,1900,0,False,True,False,False
510,210,9.4,0.72,95,1500,0,False,True,False,False
511,210,9.4,0.72,95,1500,0,False,True,False,False
512,95,1.0,-0.05,205,25,1,False,False,False,True
513,125,2.8,0.28,165,300,1,False,False,True,False
514,305,12.7,0.8,80,2200,0,False,True,False,False
515,250,11.0,0.75,90,1900,0,False,True,False,False
516,125,2.8,0.28,165,300,1,False,False,True,False
517,110,2.1,0.12,180,120,1,False,False,True,False
518,100,1.2,0.02,180,150,1,False,False,True,False
519,310,13.5,0.82,70,2400,0,False,True,False,False
520,98,1.1,-0.08,190,30,1,False,False,False,True
521,250,11.0,0.75,90,1900,0,False,True,False,False
522,90,0.9,-0.12,200,20,1,False,False,False,True
523,145,4.2,0.55,120,800,0,False,True,False,False
524,115,1.8,0.1,175,140,1,False,False,True,False
525,175,6.3,0.48,110,700,0,True,False,False,False
526,98,1.1,-0.08,190,30,1,False,False,False,True
527,115,1.8,0.1,175,140,1,False,False,True,False
528,95,1.0,-0.05,205,25,1,False,False,False,True
529,210,9.4,0.72,95,1500,0,False,True,False,False
530,160,5.5,0.6,120,900,0,False,True,False,False
531,250,11.0,0.75,90,1900,0,False,True,False,False
532,132,3.5,0.22,160,260,1,False,False,True,False
533,110,2.1,0.12,180,120,1,False,False,True,False
534,98,1.1,-0.08,190,30,1,False,False,False,True
535,118,2.2,0.2,175,220,1,False,False,True,False
536,125,2.8,0.28,165,300,1,False,False,True,False
537,120,2.5,0.35,165,200,1,True,False,False,False
538,100,1.2,0.02,180,150,1,False,False,True,False
539,92,0.8,-0.09,195,40,1,False,False,False,True
540,100,1.2,0.02,180,150,1,False,False,True,False
541,115,1.8,0.1,175,140,1,False,False,True,False
542,170,6.8,0.5,120,750,0,True,False,False,False
543,125,2.8,0.28,165,300,1,False,False,True,False
544,230,10.2,0.7,85,1700,0,False,True,False,False
545,250,11.0,0.75,90,1900,0,False,True,False,False
546,305,12.7,0.8,80,2200,0,False,True,False,False
547,118,2.2,0.2,175,220,1,False,False,True,False
548,115,1.8,0.1,175,140,1,False,False,True,False
549,100,1.2,0.02,180,150,1,False,False,True,False
550,98,1.1,-0.08,190,30,1,False,False,False,True
551,310,13.5,0.82,70,2400,0,False,True,False,False
552,98,1.1,-0.08,190,30,1,False,False,False,True
553,185,7.1,0.44,130,600,0,True,False,False,False
554,185,7.1,0.44,130,600,0,True,False,False,False
555,140,4.0,0.3,150,350,1,True,False,False,False
556,100,1.2,0.02,180,150,1,False,False,True,False
557,155,5.0,0.52,140,500,0,True,False,False,False
558,120,2.5,0.35,165,200,1,True,False,False,False
559,175,6.3,0.48,110,700,0,True,False,False,False
560,160,5.5,0.6,120,900,0,False,True,False,False
561,120,2.5,0.35,165,200,1,True,False,False,False
562,175,6.3,0.48,110,700,0,True,False,False,False
563,120,2.5,0.35,165,200,1,True,False,False,False
564,250,11.0,0.75,90,1900,0,False,True,False,False
565,140,4.0,0.3,150,350,1,True,False,False,False
566,170,6.8,0.5,120,750,0,True,False,False,False
567,305,12.7,0.8,80,2200,0,False,True,False,False
568,98,1.1,-0.08,190,30,1,False,False,False,True
569,102,1.3,0.05,170,180,1,False,False,True,False
570,175,6.3,0.48,110,700,0,True,False,False,False
571,100,1.2,0.02,180,150,1,False,False,True,False
572,310,13.5,0.82,70,2400,0,False,True,False,False
573,210,9.4,0.72,95,1500,0,False,True,False,False
574,92,0.8,-0.09,195,40,1,False,False,False,True
575,95,1.0,-0.05,205,25,1,False,False,False,True
576,175,6.3,0.48,110,700,0,True,False,False,False
577,98,1.1,-0.08,190,30,1,False,False,False,True
578,132,3.5,0.22,160,260,1,False,False,True,False
579,155,5.0,0.52,140,500,0,True,False,False,False
580,115,1.8,0.1,175,140,1,False,False,True,False
581,100,1.2,0.02,180,150,1,False,False,True,False
582,88,0.7,-0.1,210,15,1,False,False,False,True
583,98,1.1,-0.08,190,30,1,False,False,False,True
584,230,10.2,0.7,85,1700,0,False,True,False,False
585,110,2.1,0.12,180,120,1,False,False,True,False
586,185,7.1,0.44,130,600,0,True,False,False,False
587,95,1.0,-0.05,205,25,1,False,False,False,True
588,120,2.5,0.35,165,200,1,True,False,False,False
589,305,12.7,0.8,80,2200,0,False,True,False,False
590,230,10.2,0.7,85,1700,0,False,True,False,False
591,230,10.2,0.7,85,1700,0,False,True,False,False
592,88,0.7,-0.1,210,15,1,False,False,False,True
593,230,10.2,0.7,85,1700,0,False,True,False,False
594,250,11.0,0.75,90,1900,0,False,True,False,False
595,115,1.8,0.1,175,140,1,False,False,True,False
596,120,2.5,0.35,165,200,1,True,False,False,False
597,140,4.0,0.3,150,350,1,True,False,False,False
598,230,10.2,0.7,85,1700,0,False,True,False,False
599,90,0.9,-0.12,200,20,1,False,False,False,True
600,95,1.0,-0.05,205,25,1,False,False,False,True
601,90,0.9,-0.12,200,20,1,False,False,False,True
602,170,6.8,0.5,120,750,0,True,False,False,False
603,115,1.8,0.1,175,140,1,False,False,True,False
604,145,4.2,0.55,120,800,0,False,True,False,False
605,210,9.4,0.72,95,1500,0,False,True,False,False
606,100,1.2,0.02,180,150,1,False,False,True,False
607,90,0.9,-0.12,200,20,1,False,False,False,True
608,185,7.1,0.44,130,600,0,True,False,False,False
609,125,2.8,0.28,165,300,1,False,False,True,False
610,310,13.5,0.82,70,2400,0,False,True,False,False
611,102,1.3,0.05,170,180,1,False,False,True,False
612,175,6.3,0.48,110,700,0,True,False,False,False
613,90,0.9,-0.12,200,20,1,False,False,False,True
614,250,11.0,0.75,90,1900,0,False,True,False,False
615,132,3.5,0.22,160,260,1,False,False,True,False
616,88,0.7,-0.1,210,15,1,False,False,False,True
617,102,1.3,0.05,170,180,1,False,False,True,False
618,230,10.2,0.7,85,1700,0,False,True,False,False
619,132,3.5,0.22,160,260,1,False,False,True,False
620,185,7.1,0.44,130,600,0,True,False,False,False
621,125,2.8,0.28,165,300,1,False,False,True,False
622,185,7.1,0.44,130,600,0,True,False,False,False
623,92,0.8,-0.09,195,40,1,False,False,False,True
624,120,2.5,0.35,165,200,1,True,False,False,False
625,250,11.0,0.75,90,1900,0,False,True,False,False
626,305,12.7,0.8,80,2200,0,False,True,False,False
627,170,6.8,0.5,120,750,0,True,False,False,False
628,175,6.3,0.48,110,700,0,True,False,False,False
629,305,12.7,0.8,80,2200,0,False,True,False,False
630,210,9.4,0.72,95,1500,0,False,True,False,False
631,305,12.7,0.8,80,2200,0,False,True,False,False
632,115,1.8,0.1,175,140,1,False,False,True,False
633,140,4.0,0.3,150,350,1,True,False,False,False
634,185,7.1,0.44,130,600,0,True,False,False,False
635,145,4.2,0.55,120,800,0,False,True,False,False
636,110,2.1,0.12,180,120,1,False,False,True,False
637,170,6.8,0.5,120,750,0,True,False,False,False
638,185,7.1,0.44,130,600,0,True,False,False,False
639,310,13.5,0.82,70,2400,0,False,True,False,False
640,140,4.0,0.3,150,350,1,True,False,False,False
641,305,12.7,0.8,80,2200,0,False,True,False,False
642,185,7.1,0.44,130,600,0,True,False,False,False
643,115,1.8,0.1,175,140,1,False,False,True,False
644,95,1.0,-0.05,205,25,1,False,False,False,True
645,305,12.7,0.8,80,2200,0,False,True,False,False
646,230,10.2,0.7,85,1700,0,False,True,False,False
647,145,4.2,0.55,120,800,0,False,True,False,False
648,140,4.0,0.3,150,350,1,True,False,False,False
649,120,2.5,0.35,165,200,1,True,False,False,False
650,132,3.5,0.22,160,260,1,False,False,True,False
651,132,3.5,0.22,160,260,1,False,False,True,False
652,210,9.4,0.72,95,1500,0,False,True,False,False
653,115,1.8,0.1,175,140,1,False,False,True,False
654,88,0.7,-0.1,210,15,1,False,False,False,True
655,230,10.2,0.7,85,1700,0,False,True,False,False
656,175,6.3,0.48,110,700,0,True,False,False,False
657,305,12.7,0.8,80,2200,0,False,True,False,False
658,102,1.3,0.05,170,180,1,False,False,True,False
659,310,13.5,0.82,70,2400,0,False,True,False,False
660,90,0.9,-0.12,200,20,1,False,False,False,True
661,170,6.8,0.5,120,750,0,True,False,False,False
662,140,4.0,0.3,150,350,1,True,False,False,False
663,170,6.8,0.5,120,750,0,True,False,False,False
664,230,10.2,0.7,85,1700,0,False,True,False,False
665,92,0.8,-0.09,195,40,1,False,False,False,True
666,88,0.7,-0.1,210,15,1,False,False,False,True
667,120,2.5,0.35,165,200,1,True,False,False,False
668,115,1.8,0.1,175,140,1,False,False,True,False
669,88,0.7,-0.1,210,15,1,False,False,False,True
670,110,2.1,0.12,180,120,1,False,False,True,False
671,120,2.5,0.35,165,200,1,True,False,False,False
672,125,2.8,0.28,165,300,1,False,False,True,False
673,115,1.8,0.1,175,140,1,False,False,True,False
674,98,1.1,-0.08,190,30,1,False,False,False,True
675,92,0.8,-0.09,195,40,1,False,False,False,True
676,110,2.1,0.12,180,120,1,False,False,True,False
677,160,5.5,0.6,120,900,0,False,True,False,False
678,92,0.8,-0.09,195,40,1,False,False,False,True
679,230,10.2,0.7,85,1700,0,False,True,False,False
680,175,6.3,0.48,110,700,0,True,False,False,False
681,155,5.0,0.52,140,500,0,True,False,False,False
682,175,6.3,0.48,110,700,0,True,False,False,False
683,125,2.8,0.28,165,300,1,False,False,True,False
684,110,2.1,0.12,180,120,1,False,False,True,False
685,98,1.1,-0.08,190,30,1,False,False,False,True
686,92,0.8,-0.09,195,40,1,False,False,False,True
687,160,5.5,0.6,120,900,0,False,True,False,False
688,310,13.5,0.82,70,2400,0,False,True,False,False
689,170,6.8,0.5,120,750,0,True,False,False,False
690,98,1.1,-0.08,190,30,1,False,False,False,True
691,230,10.2,0.7,85,1700,0,False,True,False,False
692,115,1.8,0.1,175,140,1,False,False,True,False
693,88,0.7,-0.1,210,15,1,False,False,False,True
694,125,2.8,0.28,165,300,1,False,False,True,False
695,125,2.8,0.28,165,300,1,False,False,True,False
696,310,13.5,0.82,70,2400,0,False,True,False,False
697,100,1.2,0.02,180,150,1,False,False,True,False
698,145,4.2,0.55,120,800,0,False,True,False,False
699,98,1.1,-0.08,190,30,1,False,False,False,True
700,155,5.0,0.52,140,500,0,True,False,False,False
701,155,5.0,0.52,140,500,0,True,False,False,False
702,170,6.8,0.5,120,750,0,True,False,False,False
703,145,4.2,0.55,120,800,0,False,True,False,False
704,310,13.5,0.82,70,2400,0,False,True,False,False
705,125,2.8,0.28,165,300,1,False,False,True,False
706,305,12.7,0.8,80,2200,0,False,True,False,False
707,132,3.5,0.22,160,260,1,False,False,True,False
708,305,12.7,0.8,80,2200,0,False,True,False,False
709,102,1.3,0.05,170,180,1,False,False,True,False
710,110,2.1,0.12,180,120,1,False,False,True,False
711,175,6.3,0.48,110,700,0,True,False,False,False
712,250,11.0,0.75,90,1900,0,False,True,False,False
713,305,12.7,0.8,80,2200,0,False,True,False,False
714,98,1.1,-0.08,190,30,1,False,False,False,True
715,90,0.9,-0.12,200,20,1,False,False,False,True
716,115,1.8,0.1,175,140,1,False,False,True,False
717,230,10.2,0.7,85,1700,0,False,True,False,False
718,120,2.5,0.35,165,200,1,True,False,False,False
719,95,1.0,-0.05,205,25,1,False,False,False,True
720,125,2.8,0.28,165,300,1,False,False,True,False
721,88,0.7,-0.1,210,15,1,False,False,False,True
722,250,11.0,0.75,90,1900,0,False,True,False,False
723,145,4.2,0.55,120,800,0,False,True,False,False
724,140,4.0,0.3,150,350,1,True,False,False,False
725,90,0.9,-0.12,200,20,1,False,False,False,True
726,250,11.0,0.75,90,1900,0,False,True,False,False
727,305,12.7,0.8,80,2200,0,False,True,False,False
728,132,3.5,0.22,160,260,1,False,False,True,False
729,170,6.8,0.5,120,750,0,True,False,False,False
730,310,13.5,0.82,70,2400,0,False,True,False,False
731,210,9.4,0.72,95,1500,0,False,True,False,False
732,120,2.5,0.35,165,200,1,True,False,False,False
733,170,6.8,0.5,120,750,0,True,False,False,False
734,100,1.2,0.02,180,150,1,False,False,True,False
735,230,10.2,0.7,85,1700,0,False,True,False,False
736,100,1.2,0.02,180,150,1,False,False,True,False
737,115,1.8,0.1,175,140,1,False,False,True,False
738,88,0.7,-0.1,210,15,1,False,False,False,True
739,110,2.1,0.12,180,120,1,False,False,True,False
740,185,7.1,0.44,130,600,0,True,False,False,False
741,118,2.2,0.2,175,220,1,False,False,True,False
742,305,12.7,0.8,80,2200,0,False,True,False,False
743,210,9.4,0.72,95,1500,0,False,True,False,False
744,305,12.7,0.8,80,2200,0,False,True,False,False
745,170,6.8,0.5,120,750,0,True,False,False,False
746,100,1.2,0.02,180,150,1,False,False,True,False
747,210,9.4,0.72,95,1500,0,False,True,False,False
748,120,2.5,0.35,165,200,1,True,False,False,False
749,310,13.5,0.82,70,2400,0,False,True,False,False
750,132,3.5,0.22,160,260,1,False,False,True,False
751,125,2.8,0.28,165,300,1,False,False,True,False
752,145,4.2,0.55,120,800,0,False,True,False,False
753,160,5.5,0.6,120,900,0,False,True,False,False
754,140,4.0,0.3,150,350,1,True,False,False,False
755,305,12.7,0.8,80,2200,0,False,True,False,False
756,118,2.2,0.2,175,220,1,False,False,True,False
757,132,3.5,0.22,160,260,1,False,False,True,False
758,110,2.1,0.12,180,120,1,False,False,True,False
759,160,5.5,0.6,120,900,0,False,True,False,False
760,125,2.8,0.28,165,300,1,False,False,True,False
761,92,0.8,-0.09,195,40,1,False,False,False,True
762,95,1.0,-0.05,205,25,1,False,False,False,True
763,310,13.5,0.82,70,2400,0,False,True,False,False
764,132,3.5,0.22,160,260,1,False,False,True,False
765,118,2.2,0.2,175,220,1,False,False,True,False
766,125,2.8,0.28,165,300,1,False,False,True,False
767,145,4.2,0.55,120,800,0,False,True,False,False
768,170,6.8,0.5,120,750,0,True,False,False,False
769,125,2.8,0.28,165,300,1,False,False,True,False
770,115,1.8,0.1,175,140,1,False,False,True,False
771,132,3.5,0.22,160,260,1,False,False,True,False
772,110,2.1,0.12,180,120,1,False,False,True,False
773,90,0.9,-0.12,200,20,1,False,False,False,True
774,90,0.9,-0.12,200,20,1,False,False,False,True
775,230,10.2,0.7,85,1700,0,False,True,False,False
776,145,4.2,0.55,120,800,0,False,True,False,False
777,100,1.2,0.02,180,150,1,False,False,True,False
778,210,9.4,0.72,95,1500,0,False,True,False,False
779,250,11.0,0.75,90,1900,0,False,True,False,False
780,110,2.1,0.12,180,120,1,False,False,True,False
781,310,13.5,0.82,70,2400,0,False,True,False,False
782,230,10.2,0.7,85,1700,0,False,True,False,False
783,125,2.8,0.28,165,300,1,False,False,True,False
784,210,9.4,0.72,95,1500,0,False,True,False,False
785,100,1.2,0.02,180,150,1,False,False,True,False
786,92,0.8,-0.09,195,40,1,False,False,False,True
787,132,3.5,0.22,160,260,1,False,False,True,False
788,115,1.8,0.1,175,140,1,False,False,True,False
789,98,1.1,-0.08,190,30,1,False,False,False,True
790,230,10.2,0.7,85,1700,0,False,True,False,False
791,100,1.2,0.02,180,150,1,False,False,True,False
792,125,2.8,0.28,165,300,1,False,False,True,False
793,102,1.3,0.05,170,180,1,False,False,True,False
794,305,12.7,0.8,80,2200,0,False,True,False,False
795,98,1.1,-0.08,190,30,1,False,False,False,True
796,250,11.0,0.75,90,1900,0,False,True,False,False
797,210,9.4,0.72,95,1500,0,False,True,False,False
798,95,1.0,-0.05,205,25,1,False,False,False,True
799,185,7.1,0.44,130,600,0,True,False,False,False
800,125,2.8,0.28,165,300,1,False,False,True,False
801,120,2.5,0.35,165,200,1,True,False,False,False
802,155,5.0,0.52,140,500,0,True,False,False,False
803,115,1.8,0.1,175,140,1,False,False,True,False
804,305,12.7,0.8,80,2200,0,False,True,False,False
805,115,1.8,0.1,175,140,1,False,False,True,False
806,110,2.1,0.12,180,120,1,False,False,True,False
807,140,4.0,0.3,150,350,1,True,False,False,False
808,185,7.1,0.44,130,600,0,True,False,False,False
809,185,7.1,0.44,130,600,0,True,False,False,False
810,310,13.5,0.82,70,2400,0,False,True,False,False
811,100,1.2,0.02,180,150,1,False,False,True,False
812,132,3.5,0.22,160,260,1,False,False,True,False
813,175,6.3,0.48,110,700,0,True,False,False,False
814,230,10.2,0.7,85,1700,0,False,True,False,False
815,305,12.7,0.8,80,2200,0,False,True,False,False
816,250,11.0,0.75,90,1900,0,False,True,False,False
817,175,6.3,0.48,110,700,0,True,False,False,False
818,185,7.1,0.44,130,600,0,True,False,False,False
819,125,2.8,0.28,165,300,1,False,False,True,False
820,170,6.8,0.5,120,750,0,True,False,False,False
821,185,7.1,0.44,130,600,0,True,False,False,False
822,120,2.5,0.35,165,200,1,True,False,False,False
823,155,5.0,0.52,140,500,0,True,False,False,False
824,305,12.7,0.8,80,2200,0,False,True,False,False
825,100,1.2,0.02,180,150,1,False,False,True,False
826,125,2.8,0.28,165,300,1,False,False,True,False
827,140,4.0,0.3,150,350,1,True,False,False,False
828,310,13.5,0.82,70,2400,0,False,True,False,False
829,115,1.8,0.1,175,140,1,False,False,True,False
830,102,1.3,0.05,170,180,1,False,False,True,False
831,145,4.2,0.55,120,800,0,False,True,False,False
832,310,13.5,0.82,70,2400,0,False,True,False,False
833,118,2.2,0.2,175,220,1,False,False,True,False
834,95,1.0,-0.05,205,25,1,False,False,False,True
835,155,5.0,0.52,140,500,0,True,False,False,False
836,90,0.9,-0.12,200,20,1,False,False,False,True
837,110,2.1,0.12,180,120,1,False,False,True,False
838,92,0.8,-0.09,195,40,1,False,False,False,True
839,90,0.9,-0.12,200,20,1,False,False,False,True
840,110,2.1,0.12,180,120,1,False,False,True,False
841,185,7.1,0.44,130,600,0,True,False,False,False
842,115,1.8,0.1,175,140,1,False,False,True,False
843,185,7.1,0.44,130,600,0,True,False,False,False
844,100,1.2,0.02,180,150,1,False,False,True,False
845,155,5.0,0.52,140,500,0,True,False,False,False
846,210,9.4,0.72,95,1500,0,False,True,False,False
847,170,6.8,0.5,120,750,0,True,False,False,False
848,230,10.2,0.7,85,1700,0,False,True,False,False
849,155,5.0,0.52,140,500,0,True,False,False,False
850,115,1.8,0.1,175,140,1,False,False,True,False
851,250,11.0,0.75,90,1900,0,False,True,False,False
852,250,11.0,0.75,90,1900,0,False,True,False,False
853,305,12.7,0.8,80,2200,0,False,True,False,False
854,175,6.3,0.48,110,700,0,True,False,False,False
855,305,12.7,0.8,80,2200,0,False,True,False,False
856,305,12.7,0.8,80,2200,0,False,True,False,False
857,88,0.7,-0.1,210,15,1,False,False,False,True
858,140,4.0,0.3,150,350,1,True,False,False,False
859,92,0.8,-0.09,195,40,1,False,False,False,True
860,155,5.0,0.52,140,500,0,True,False,False,False
861,305,12.7,0.8,80,2200,0,False,True,False,False
862,98,1.1,-0.08,190,30,1,False,False,False,True
863,310,13.5,0.82,70,2400,0,False,True,False,False
864,145,4.2,0.55,120,800,0,False,True,False,False
865,88,0.7,-0.1,210,15,1,False,False,False,True
866,88,0.7,-0.1,210,15,1,False,False,False,True
867,250,11.0,0.75,90,1900,0,False,True,False,False
868,132,3.5,0.22,160,260,1,False,False,True,False
869,132,3.5,0.22,160,260,1,False,False,True,False
870,102,1.3,0.05,170,180,1,False,False,True,False
871,140,4.0,0.3,150,350,1,True,False,False,False
872,125,2.8,0.28,165,300,1,False,False,True,False
873,310,13.5,0.82,70,2400,0,False,True,False,False
874,102,1.3,0.05,170,180,1,False,False,True,False
875,88,0.7,-0.1,210,15,1,False,False,False,True
876,230,10.2,0.7,85,1700,0,False,True,False,False
877,305,12.7,0.8,80,2200,0,False,True,False,False
878,185,7.1,0.44,130,600,0,True,False,False,False
879,185,7.1,0.44,130,600,0,True,False,False,False
880,310,13.5,0.82,70,2400,0,False,True,False,False
881,185,7.1,0.44,130,600,0,True,False,False,False
882,310,13.5,0.82,70,2400,0,False,True,False,False
883,100,1.2,0.02,180,150,1,False,False,True,False
884,100,1.2,0.02,180,150,1,False,False,True,False
885,140,4.0,0.3,150,350,1,True,False,False,False
886,305,12.7,0.8,80,2200,0,False,True,False,False
887,170,6.8,0.5,120,750,0,True,False,False,False
888,170,6.8,0.5,120,750,0,True,False,False,False
889,125,2.8,0.28,165,300,1,False,False,True,False
890,132,3.5,0.22,160,260,1,False,False,True,False
891,125,2.8,0.28,165,300,1,False,False,True,False
892,95,1.0,-0.05,205,25,1,False,False,False,True
893,118,2.2,0.2,175,220,1,False,False,True,False
894,250,11.0,0.75,90,1900,0,False,True,False,False
895,310,13.5,0.82,70,2400,0,False,True,False,False
896,118,2.2,0.2,175,220,1,False,False,True,False
897,100,1.2,0.02,180,150,1,False,False,True,False
898,155,5.0,0.52,140,500,0,True,False,False,False
899,125,2.8,0.28,165,300,1,False,False,True,False
900,110,2.1,0.12,180,120,1,False,False,True,False
901,145,4.2,0.55,120,800,0,False,True,False,False
902,160,5.5,0.6,120,900,0,False,True,False,False
903,305,12.7,0.8,80,2200,0,False,True,False,False
904,102,1.3,0.05,170,180,1,False,False,True,False
905,170,6.8,0.5,120,750,0,True,False,False,False
906,230,10.2,0.7,85,1700,0,False,True,False,False
907,125,2.8,0.28,165,300,1,False,False,True,False
908,160,5.5,0.6,120,900,0,False,True,False,False
909,305,12.7,0.8,80,2200,0,False,True,False,False
910,100,1.2,0.02,180,150,1,False,False,True,False
911,230,10.2,0.7,85,1700,0,False,True,False,False
912,88,0.7,-0.1,210,15,1,False,False,False,True
913,145,4.2,0.55,120,800,0,False,True,False,False
914,310,13.5,0.82,70,2400,0,False,True,False,False
915,90,0.9,-0.12,200,20,1,False,False,False,True
916,132,3.5,0.22,160,260,1,False,False,True,False
917,125,2.8,0.28,165,300,1,False,False,True,False
918,102,1.3,0.05,170,180,1,False,False,True,False
919,132,3.5,0.22,160,260,1,False,False,True,False
920,305,12.7,0.8,80,2200,0,False,True,False,False
921,185,7.1,0.44,130,600,0,True,False,False,False
922,140,4.0,0.3,150,350,1,True,False,False,False
923,175,6.3,0.48,110,700,0,True,False,False,False
924,92,0.8,-0.09,195,40,1,False,False,False,True
925,175,6.3,0.48,110,700,0,True,False,False,False
926,115,1.8,0.1,175,140,1,False,False,True,False
927,115,1.8,0.1,175,140,1,False,False,True,False
928,100,1.2,0.02,180,150,1,False,False,True,False
929,92,0.8,-0.09,195,40,1,False,False,False,True
930,185,7.1,0.44,130,600,0,True,False,False,False
931,145,4.2,0.55,120,800,0,False,True,False,False
932,90,0.9,-0.12,200,20,1,False,False,False,True
933,98,1.1,-0.08,190,30,1,False,False,False,True
934,145,4.2,0.55,120,800,0,False,True,False,False
935,120,2.5,0.35,165,200,1,True,False,False,False
936,175,6.3,0.48,110,700,0,True,False,False,False
937,145,4.2,0.55,120,800,0,False,True,False,False
938,305,12.7,0.8,80,2200,0,False,True,False,False
939,155,5.0,0.52,140,500,0,True,False,False,False
940,120,2.5,0.35,165,200,1,True,False,False,False
941,140,4.0,0.3,150,350,1,True,False,False,False
942,140,4.0,0.3,150,350,1,True,False,False,False
943,100,1.2,0.02,180,150,1,False,False,True,False
944,118,2.2,0.2,175,220,1,False,False,True,False
945,230,10.2,0.7,85,1700,0,False,True,False,False
946,310,13.5,0.82,70,2400,0,False,True,False,False
947,115,1.8,0.1,175,140,1,False,False,True,False
948,125,2.8,0.28,165,300,1,False,False,True,False
949,125,2.8,0.28,165,300,1,False,False,True,False
950,250,11.0,0.75,90,1900,0,False,True,False,False
951,250,11.0,0.75,90,1900,0,False,True,False,False
952,92,0.8,-0.09,195,40,1,False,False,False,True
953,145,4.2,0.55,120,800,0,False,True,False,False
954,90,0.9,-0.12,200,20,1,False,False,False,True
955,175,6.3,0.48,110,700,0,True,False,False,False
956,92,0.8,-0.09,195,40,1,False,False,False,True
957,175,6.3,0.48,110,700,0,True,False,False,False
958,100,1.2,0.02,180,150,1,False,False,True,False
959,125,2.8,0.28,165,300,1,False,False,True,False
960,250,11.0,0.75,90,1900,0,False,True,False,False
961,118,2.2,0.2,175,220,1,False,False,True,False
962,140,4.0,0.3,150,350,1,True,False,False,False
963,90,0.9,-0.12,200,20,1,False,False,False,True
964,98,1.1,-0.08,190,30,1,False,False,False,True
965,125,2.8,0.28,165,300,1,False,False,True,False
966,250,11.0,0.75,90,1900,0,False,True,False,False
967,210,9.4,0.72,95,1500,0,False,True,False,False
968,145,4.2,0.55,120,800,0,False,True,False,False
969,210,9.4,0.72,95,1500,0,False,True,False,False
970,100,1.2,0.02,180,150,1,False,False,True,False
971,175,6.3,0.48,110,700,0,True,False,False,False
972,118,2.2,0.2,175,220,1,False,False,True,False
973,132,3.5,0.22,160,260,1,False,False,True,False
974,88,0.7,-0.1,210,15,1,False,False,False,True
975,125,2.8,0.28,165,300,1,False,False,True,False
976,145,4.2,0.55,120,800,0,False,True,False,False
977,110,2.1,0.12,180,120,1,False,False,True,False
978,305,12.7,0.8,80,2200,0,False,True,False,False
979,185,7.1,0.44,130,600,0,True,False,False,False
980,210,9.4,0.72,95,1500,0,False,True,False,False
981,132,3.5,0.22,160,260,1,False,False,True,False
982,90,0.9,-0.12,200,20,1,False,False,False,True
983,145,4.2,0.55,120,800,0,False,True,False,False
984,110,2.1,0.12,180,120,1,False,False,True,False
985,92,0.8,-0.09,195,40,1,False,False,False,True
986,98,1.1,-0.08,190,30,1,False,False,False,True
987,185,7.1,0.44,130,600,0,True,False,False,False
988,115,1.8,0.1,175,140,1,False,False,True,False
989,210,9.4,0.72,95,1500,0,False,True,False,False
990,185,7.1,0.44,130,600,0,True,False,False,False
991,88,0.7,-0.1,210,15,1,False,False,False,True
992,132,3.5,0.22,160,260,1,False,False,True,False
993,185,7.1,0.44,130,600,0,True,False,False,False
994,98,1.1,-0.08,190,30,1,False,False,False,True
995,310,13.5,0.82,70,2400,0,False,True,False,False
996,132,3.5,0.22,160,260,1,False,False,True,False
997,125,2.8,0.28,165,300,1,False,False,True,False
998,102,1.3,0.05,170,180,1,False,False,True,False
999,175,6.3,0.48,110,700,0,True,False,False,False
1000,155,5.0,0.52,140,500,0,True,False,False,False
